--Insertamos los datos en la tabla inmobiliaria

insert into INMOBILIARIA (id, nombre, email, telefono) values (1, 'Weeper capuchin', 'gpedri0@un.org', '+30 561 404 8414');
insert into INMOBILIARIA (id, nombre, email, telefono) values (2, 'Mongoose', 'qhumpatch1@uiuc.edu', '+54 500 558 5271');
insert into INMOBILIARIA (id, nombre, email, telefono) values (3, 'Nyala', 'cfullun2@slate.com', '+970 184 586 2150');
insert into INMOBILIARIA (id, nombre, email, telefono) values (4, 'Monkey', 'srevance3@ifeng.com', '+92 969 125 3285');
insert into INMOBILIARIA (id, nombre, email, telefono) values (5, 'Gulls', 'emcgrady4@ebay.com', '+84 201 147 8897');
insert into INMOBILIARIA (id, nombre, email, telefono) values (6, 'Guerza', 'glerohan5@aol.com', '+46 361 717 9698');
insert into INMOBILIARIA (id, nombre, email, telefono) values (7, 'Green heron', 'cwhyborne6@feedburner.com', '+86 438 861 3600');
insert into INMOBILIARIA (id, nombre, email, telefono) values (8, 'Squirrel', 'eleftbridge7@spotify.com', '+86 175 597 3830');
insert into INMOBILIARIA (id, nombre, email, telefono) values (9, 'Cormorant', 'mtweddell8@godaddy.com', '+86 453 426 1070');
insert into INMOBILIARIA (id, nombre, email, telefono) values (10, 'Marshbird, brown and yellow', 'eclaw9@mtv.com', '+86 568 833 6398');
insert into INMOBILIARIA (id, nombre, email, telefono) values (11, 'Dove', 'rfernanandoa@blogs.com', '+46 357 671 8661');
insert into INMOBILIARIA (id, nombre, email, telefono) values (12, 'Crane', 'cdingleyb@earthlink.net', '+972 844 556 7092');
insert into INMOBILIARIA (id, nombre, email, telefono) values (13, 'Richardson', 'bgarvinc@berkeley.edu', '+351 127 752 3921');
insert into INMOBILIARIA (id, nombre, email, telefono) values (14, 'Eagle', 'wzamoranod@ehow.com', '+46 789 785 9538');
insert into INMOBILIARIA (id, nombre, email, telefono) values (15, 'Wallaby', 'nabrahamssone@weebly.com', '+212 757 235 6702');
insert into INMOBILIARIA (id, nombre, email, telefono) values (16, 'Hawk-headed parrot', 'wheinf@myspace.com', '+98 276 986 1395');
insert into INMOBILIARIA (id, nombre, email, telefono) values (17, 'Steenbok', 'tebbersg@techcrunch.com', '+353 626 528 3926');
insert into INMOBILIARIA (id, nombre, email, telefono) values (18, 'White-faced', 'mquinneyh@nsw.gov.au', '+86 173 371 9959');
insert into INMOBILIARIA (id, nombre, email, telefono) values (19, 'Rhesus monkey', 'atremethacki@prnewswire.com', '+7 990 443 7584');
insert into INMOBILIARIA (id, nombre, email, telefono) values (20, 'Mara', 'sdickiej@163.com', '+1 504 806 8667');

--Insertamos las personas en la tabla PERSONA
insert into PERSONA (id, dtype, nombre, apellidos, email, direccion, telefono, avatar) values (1, 'I', 'Tildy', 'McBrearty', 'tmcbrearty0@globo.com', '1 Knutson Park', '+255 981 826 5313', 'avatar7');
insert into PERSONA (id, dtype, nombre, apellidos, email, direccion, telefono, avatar) values (2, 'P', 'Natala', 'Fair', 'nfair1@jimdo.com', '5019 Beilfuss Drive', '+86 656 232 6972', 'avatar1');
insert into PERSONA (id, dtype, nombre, apellidos, email, direccion, telefono, avatar) values (3, 'P', 'Shani', 'Andrejs', 'sandrejs2@pen.io', '904 Village Green Hill', '+380 671 604 0383', 'avatar14');
insert into PERSONA (id, dtype, nombre, apellidos, email, direccion, telefono, avatar) values (4, 'I', 'Bond', 'Normavill', 'bnormavill3@infoseek.co.jp', '21398 Melby Way', '+998 689 372 8395', 'avatar15');
insert into PERSONA (id, dtype, nombre, apellidos, email, direccion, telefono, avatar) values (5, 'I', 'Heywood', 'Heugle', 'hheugle4@google.cn', '32 Rowland Road', '+52 699 757 6173', '');
insert into PERSONA (id, dtype, nombre, apellidos, email, direccion, telefono, avatar) values (6, 'P', 'Rudy', 'Tomankowski', 'rtomankowski5@webnode.com', '1166 Clove Lane', '+1 293 860 1661', '');
insert into PERSONA (id, dtype, nombre, apellidos, email, direccion, telefono, avatar) values (7, 'I', 'Welch', 'Aitchinson', 'waitchinson6@biblegateway.com', '481 Gateway Court', '+351 717 994 9196', '');
insert into PERSONA (id, dtype, nombre, apellidos, email, direccion, telefono, avatar) values (8, 'I', 'Leandra', 'Cleere', 'lcleere7@umich.edu', '996 Oneill Circle', '+7 399 393 6810', 'avatar12');
insert into PERSONA (id, dtype, nombre, apellidos, email, direccion, telefono, avatar) values (9, 'I', 'Zea', 'Seabourne', 'zseabourne8@alibaba.com', '3037 Michigan Pass', '+7 417 199 7860', '');
insert into PERSONA (id, dtype, nombre, apellidos, email, direccion, telefono, avatar) values (10, 'P', 'Kendra', 'Rapper', 'krapper9@wp.com', '3077 Dakota Parkway', '+33 389 660 5957', 'avatar16');
insert into PERSONA (id, dtype, nombre, apellidos, email, direccion, telefono, avatar) values (11, 'I', 'Earle', 'Twidell', 'etwidella@wufoo.com', '61819 American Parkway', '+86 957 781 5432', 'avatar8');
insert into PERSONA (id, dtype, nombre, apellidos, email, direccion, telefono, avatar) values (12, 'P', 'Elvera', 'Queenborough', 'equeenboroughb@istockphoto.com', '2488 Utah Alley', '+27 127 870 4980', 'avatar4');
insert into PERSONA (id, dtype, nombre, apellidos, email, direccion, telefono, avatar) values (13, 'P', 'Burg', 'Capnerhurst', 'bcapnerhurstc@so-net.ne.jp', '42 Melby Parkway', '+46 962 592 4937', 'avatar16');
insert into PERSONA (id, dtype, nombre, apellidos, email, direccion, telefono, avatar) values (14, 'P', 'Cornelia', 'Carnduff', 'ccarnduffd@is.gd', '7247 School Place', '+963 207 491 6307', 'avatar3');
insert into PERSONA (id, dtype, nombre, apellidos, email, direccion, telefono, avatar) values (15, 'I', 'Mendel', 'Josephoff', 'mjosephoffe@cdc.gov', '1 Schlimgen Street', '+86 189 388 3574', 'avatar14');
insert into PERSONA (id, dtype, nombre, apellidos, email, direccion, telefono, avatar) values (16, 'P', 'Jeffy', 'Hamflett', 'jhamflettf@army.mil', '5727 Weeping Birch Pass', '+62 815 357 7521', 'avatar15');
insert into PERSONA (id, dtype, nombre, apellidos, email, direccion, telefono, avatar) values (17, 'I', 'Alric', 'Giabuzzi', 'agiabuzzig@digg.com', '57778 Brickson Park Avenue', '+86 261 948 5071', 'avatar16');
insert into PERSONA (id, dtype, nombre, apellidos, email, direccion, telefono, avatar) values (18, 'I', 'Micki', 'Rupert', 'mruperth@cargocollective.com', '38273 Utah Circle', '+93 959 780 3881', 'avatar1');
insert into PERSONA (id, dtype, nombre, apellidos, email, direccion, telefono, avatar) values (19, 'I', 'Darren', 'Bleibaum', 'dbleibaumi@amazon.co.uk', '046 Northridge Trail', '+62 227 806 8795', 'avatar9');
insert into PERSONA (id, dtype, nombre, apellidos, email, direccion, telefono, avatar) values (20, 'I', 'Mata', 'Gilogly', 'mgiloglyj@ox.ac.uk', '9 Morning Street', '+86 106 740 5938', '');
insert into PERSONA (id, dtype, nombre, apellidos, email, direccion, telefono, avatar) values (21, 'P', 'Tabbie', 'Bloyes', 'tbloyesk@usnews.com', '2145 Rigney Road', '+505 529 997 7947', 'avatar8');
insert into PERSONA (id, dtype, nombre, apellidos, email, direccion, telefono, avatar) values (22, 'P', 'Wallache', 'Jamary', 'wjamaryl@surveymonkey.com', '026 Garrison Hill', '+46 217 669 5417', 'avatar14');
insert into PERSONA (id, dtype, nombre, apellidos, email, direccion, telefono, avatar) values (23, 'P', 'Sorcha', 'Paynter', 'spaynterm@cargocollective.com', '99931 Straubel Way', '+66 125 389 4166', 'avatar2');
insert into PERSONA (id, dtype, nombre, apellidos, email, direccion, telefono, avatar) values (24, 'P', 'Zebadiah', 'Ellerbeck', 'zellerbeckn@vkontakte.ru', '68287 Welch Avenue', '+48 869 935 6712', 'avatar13');
insert into PERSONA (id, dtype, nombre, apellidos, email, direccion, telefono, avatar) values (25, 'P', 'Mickie', 'Shewon', 'mshewono@amazonaws.com', '4748 Dapin Junction', '+46 679 488 8517', 'avatar16');
insert into PERSONA (id, dtype, nombre, apellidos, email, direccion, telefono, avatar) values (26, 'I', 'Derry', 'Pardie', 'dpardiep@privacy.gov.au', '57 Schiller Terrace', '+86 657 625 0098', 'avatar14');
insert into PERSONA (id, dtype, nombre, apellidos, email, direccion, telefono, avatar) values (27, 'I', 'Denise', 'Langeren', 'dlangerenq@zdnet.com', '9052 Green Avenue', '+370 982 373 8073', 'avatar11');
insert into PERSONA (id, dtype, nombre, apellidos, email, direccion, telefono, avatar) values (28, 'I', 'Stanly', 'Kubasiewicz', 'skubasiewiczr@princeton.edu', '0 Buena Vista Avenue', '+420 160 259 4404', 'avatar17');
insert into PERSONA (id, dtype, nombre, apellidos, email, direccion, telefono, avatar) values (29, 'I', 'Leonerd', 'Eccersley', 'leccersleys@smugmug.com', '295 Waubesa Street', '+380 161 315 6827', 'avatar16');
insert into PERSONA (id, dtype, nombre, apellidos, email, direccion, telefono, avatar) values (30, 'P', 'Almira', 'Stair', 'astairt@yahoo.com', '34101 Sachs Street', '+52 751 235 2432', 'avatar7');
insert into PERSONA (id, dtype, nombre, apellidos, email, direccion, telefono, avatar) values (31, 'P', 'Teressa', 'Bowfin', 'tbowfinu@tripadvisor.com', '76 Mandrake Plaza', '+387 650 605 7238', 'avatar6');
insert into PERSONA (id, dtype, nombre, apellidos, email, direccion, telefono, avatar) values (32, 'I', 'Kip', 'Idney', 'kidneyv@un.org', '23283 Summerview Way', '+43 452 386 7693', 'avatar16');
insert into PERSONA (id, dtype, nombre, apellidos, email, direccion, telefono, avatar) values (33, 'I', 'Zacherie', 'Clemmow', 'zclemmoww@jiathis.com', '9501 Lakeland Terrace', '+62 245 532 8465', 'avatar3');
insert into PERSONA (id, dtype, nombre, apellidos, email, direccion, telefono, avatar) values (34, 'I', 'Kele', 'Kubczak', 'kkubczakx@unblog.fr', '13 Carey Place', '+63 273 686 2113', 'avatar17');
insert into PERSONA (id, dtype, nombre, apellidos, email, direccion, telefono, avatar) values (35, 'I', 'Gerda', 'Durn', 'gdurny@1688.com', '4205 Manley Trail', '+351 428 395 5105', 'avatar6');
insert into PERSONA (id, dtype, nombre, apellidos, email, direccion, telefono, avatar) values (36, 'I', 'Laureen', 'Cridland', 'lcridlandz@admin.ch', '29 Fair Oaks Center', '+976 593 929 3402', 'avatar2');
insert into PERSONA (id, dtype, nombre, apellidos, email, direccion, telefono, avatar) values (37, 'I', 'Anica', 'Wharrier', 'awharrier10@tiny.cc', '214 Blaine Avenue', '+1 916 486 7935', 'avatar17');
insert into PERSONA (id, dtype, nombre, apellidos, email, direccion, telefono, avatar) values (38, 'P', 'Clim', 'Maccrea', 'cmaccrea11@home.pl', '2 Drewry Avenue', '+86 484 819 9913', 'avatar13');
insert into PERSONA (id, dtype, nombre, apellidos, email, direccion, telefono, avatar) values (39, 'I', 'Darb', 'Yong', 'dyong12@oracle.com', '1 Garrison Plaza', '+86 719 578 9037', 'avatar4');
insert into PERSONA (id, dtype, nombre, apellidos, email, direccion, telefono, avatar) values (40, 'P', 'Dulcinea', 'Jennrich', 'djennrich13@bloglines.com', '068 Arrowood Avenue', '+62 867 459 8041', 'avatar13');
insert into PERSONA (id, dtype, nombre, apellidos, email, direccion, telefono, avatar) values (41, 'I', 'Elfreda', 'Carswell', 'ecarswell14@prweb.com', '1 Colorado Court', '+30 106 450 9616', 'avatar4');
insert into PERSONA (id, dtype, nombre, apellidos, email, direccion, telefono, avatar) values (42, 'I', 'Riki', 'Skeldon', 'rskeldon15@freewebs.com', '3 Dryden Hill', '+33 555 376 5636', 'avatar1');
insert into PERSONA (id, dtype, nombre, apellidos, email, direccion, telefono, avatar) values (43, 'I', 'Judas', 'Simkovitz', 'jsimkovitz16@cyberchimps.com', '37802 Daystar Avenue', '+7 510 693 5428', 'avatar13');
insert into PERSONA (id, dtype, nombre, apellidos, email, direccion, telefono, avatar) values (44, 'I', 'Yance', 'Hinder', 'yhinder17@1und1.de', '9 Logan Junction', '+62 995 232 0283', 'avatar14');
insert into PERSONA (id, dtype, nombre, apellidos, email, direccion, telefono, avatar) values (45, 'P', 'Colan', 'Conelly', 'cconelly18@washingtonpost.com', '2 Melby Trail', '+93 745 706 2446', 'avatar5');
insert into PERSONA (id, dtype, nombre, apellidos, email, direccion, telefono, avatar) values (46, 'P', 'Laughton', 'Reek', 'lreek19@globo.com', '6045 Sullivan Pass', '+993 151 221 4905', 'avatar3');
insert into PERSONA (id, dtype, nombre, apellidos, email, direccion, telefono, avatar) values (47, 'P', 'Rudolf', 'Neligan', 'rneligan1a@bbc.co.uk', '48 Dovetail Circle', '+52 297 677 8643', 'avatar16');
insert into PERSONA (id, dtype, nombre, apellidos, email, direccion, telefono, avatar) values (48, 'P', 'Lon', 'Chaffe', 'lchaffe1b@google.cn', '77275 Sunnyside Hill', '+57 579 224 4230', 'avatar9');
insert into PERSONA (id, dtype, nombre, apellidos, email, direccion, telefono, avatar) values (49, 'P', 'Nicolais', 'Ramos', 'nramos1c@cnbc.com', '080 Brickson Park Alley', '+54 305 354 0797', 'avatar8');
insert into PERSONA (id, dtype, nombre, apellidos, email, direccion, telefono, avatar) values (50, 'I', 'Manya', 'Weakley', 'mweakley1d@joomla.org', '34294 Hoepker Way', '+66 684 125 3016', 'avatar19');

insert into VIVIENDA (titulo, precio, metros_cuadrados, num_Banos, num_Habitaciones, propietario_id, avatar, cod_postal, descripcion, direccion, lat_lng, poblacion, provincia, tiene_ascensor, tiene_garaje, tiene_piscina, tipo, inmobiliaria_id) values ('Casa historica',900.2,123.12,2,4,2,'avatar1','43628','Casa de estilo colonial en la rampa de gines con toque mozarabes y completamente amueblada, una delicia para la vista y su decorado es impecable, no se notan sus 50 años de antiguedad','C/ El alfanje N 24 5B','231.21 0241.13','Triana','Sevilla',true,false,false,'Venta',1);
insert into VIVIENDA (titulo, precio, metros_cuadrados, num_Banos, num_Habitaciones, propietario_id, avatar, cod_postal, descripcion, direccion, lat_lng, poblacion, provincia, tiene_ascensor, tiene_garaje, tiene_piscina, tipo, inmobiliaria_id) values ('Casa Blanca', 182416, 154, 4, 4, 49, 'avatar1', 69354, 'Dispone de los equipamientos suficientes proximo a varios colegios publicos escuela infantil parque municipal y comercios. En su entorno mas proximo se encuentran varias carreteras nacionales como la A-8058 A-8058 y la A-4.', '22811 Hoepker Way', '50.7048 42.9541', 'Camas', 'Almería', false, true, true, 'Obra_Nueva', 9);
insert into VIVIENDA (titulo, precio, metros_cuadrados, num_Banos, num_Habitaciones, propietario_id, avatar, cod_postal, descripcion, direccion, lat_lng, poblacion, provincia, tiene_ascensor, tiene_garaje, tiene_piscina, tipo, inmobiliaria_id) values ('Piso Alcazar', 398472, 232, 1, 2, 14, 'avatar2', 95063, 'Casa de tres plantas en calle Pureza en pleno corazon de Triana proximo al Puente de Triana y al Puente San Telmo por lo que esta a 10 minutos andando del casco historico de Sevilla. Junto a la iglesia de Santa Ana y a la Capilla de los Marineros.', '5 Sachtjen Point', '44.4005 52.3816', 'Bormujos', 'Granada', false, true, true, 'Alquiler', 8);
insert into VIVIENDA (titulo, precio, metros_cuadrados, num_Banos, num_Habitaciones, propietario_id, avatar, cod_postal, descripcion, direccion, lat_lng, poblacion, provincia, tiene_ascensor, tiene_garaje, tiene_piscina, tipo, inmobiliaria_id) values ('Chalet Gran Rey', 234441, 227, 1, 6, 3, 'avatar3', 31633, 'Castilla 120 es una promocion de viviendasconuna magnifica ubicacion en el tradicional y exclusivo barrio de Triana. Situado a un paso del centro de Sevilla y con un magnifico acceso a la SE-30 y a cinco minutos a pie del centro comercial Torre Sevilla.', '5 Scofield Avenue', '-81.5439 -43.2849', 'Alcalá del Río', 'Málaga', true, false, true, 'Alquiler', 5);
insert into VIVIENDA (titulo, precio, metros_cuadrados, num_Banos, num_Habitaciones, propietario_id, avatar, cod_postal, descripcion, direccion, lat_lng, poblacion, provincia, tiene_ascensor, tiene_garaje, tiene_piscina, tipo, inmobiliaria_id) values ('Casa Carballo', 612022, 105, 4, 5, 22, 'avatar4', 3219, 'Dispone de los equipamientos suficientes proximo a varios colegios publicos escuela infantil parque municipal y comercios. En su entorno mas proximo se encuentran varias carreteras nacionales como la A-8058 A-8058 y la A-4.', '470 3rd Drive', '50.4464 24.8643', 'Bollullos de la Mitación', 'Málaga', false, true, false, 'Venta', 10);
insert into VIVIENDA (titulo, precio, metros_cuadrados, num_Banos, num_Habitaciones, propietario_id, avatar, cod_postal, descripcion, direccion, lat_lng, poblacion, provincia, tiene_ascensor, tiene_garaje, tiene_piscina, tipo, inmobiliaria_id) values ('Piso Siri', 405453, 121, 4, 5, 47, 'avatar5', 85184, 'Casa de tres plantas en calle Pureza en pleno corazon de Triana proximo al Puente de Triana y al Puente San Telmo por lo que esta a 10 minutos andando del casco historico de Sevilla. Junto a la iglesia de Santa Ana y a la Capilla de los Marineros.', '299 Springs Circle', '36.5438 72.2647', 'Guillena', 'Jaén', false, true, false, 'Venta', 16);
insert into VIVIENDA (titulo, precio, metros_cuadrados, num_Banos, num_Habitaciones, propietario_id, avatar, cod_postal, descripcion, direccion, lat_lng, poblacion, provincia, tiene_ascensor, tiene_garaje, tiene_piscina, tipo, inmobiliaria_id) values ('Piso Billiards', 690364, 178, 1, 6, 2, 'avatar6', 49776, 'Castilla 120 es una promocion de viviendasconuna magnifica ubicacion en el tradicional y exclusivo barrio de Triana. Situado a un paso del centro de Sevilla y con un magnifico acceso a la SE-30 y a cinco minutos a pie del centro comercial Torre Sevilla.', '3629 Dovetail Parkway', '-81.5439 -43.2849', 'Dos Hermanas', 'Córdoba', false, false, true, 'Obra_Nueva', 1);
insert into VIVIENDA (titulo, precio, metros_cuadrados, num_Banos, num_Habitaciones, propietario_id, avatar, cod_postal, descripcion, direccion, lat_lng, poblacion, provincia, tiene_ascensor, tiene_garaje, tiene_piscina, tipo, inmobiliaria_id) values ('Casa Shiba', 373113, 71, 5, 6, 45, 'avatar7', 73563, 'Dispone de los equipamientos suficientes proximo a varios colegios publicos escuela infantil parque municipal y comercios. En su entorno mas proximo se encuentran varias carreteras nacionales como la A-8058 A-8058 y la A-4.', '48223 Brickson Park Circle', '44.4005 52.3816', 'Lora del Río', 'Almería', true, false, true, 'Obra_Nueva', 15);
insert into VIVIENDA (titulo, precio, metros_cuadrados, num_Banos, num_Habitaciones, propietario_id, avatar, cod_postal, descripcion, direccion, lat_lng, poblacion, provincia, tiene_ascensor, tiene_garaje, tiene_piscina, tipo, inmobiliaria_id) values ('Casa de Galaxi', 47619, 181, 5, 3, 3, 'avatar8', 48226, 'Casa de tres plantas en calle Pureza en pleno corazon de Triana proximo al Puente de Triana y al Puente San Telmo por lo que esta a 10 minutos andando del casco historico de Sevilla. Junto a la iglesia de Santa Ana y a la Capilla de los Marineros.', '710 Jenifer Crossing', '3.3030 -39.3471', 'Arahal', 'Jaén', false, false, true, 'Venta', 8);
insert into VIVIENDA (titulo, precio, metros_cuadrados, num_Banos, num_Habitaciones, propietario_id, avatar, cod_postal, descripcion, direccion, lat_lng, poblacion, provincia, tiene_ascensor, tiene_garaje, tiene_piscina, tipo, inmobiliaria_id) values ('Chalet Flamenco Dorado', 395089, 79, 1, 4, 22, 'avatar9', 18603, 'Castilla 120 es una promocion de viviendasconuna magnifica ubicacion en el tradicional y exclusivo barrio de Triana. Situado a un paso del centro de Sevilla y con un magnifico acceso a la SE-30 y a cinco minutos a pie del centro comercial Torre Sevilla.', '57 Ridge Oak Court', '76.5700 148.4103', 'Brenes', 'Sevilla', true, true, true, 'Alquiler', 14);
insert into VIVIENDA (titulo, precio, metros_cuadrados, num_Banos, num_Habitaciones, propietario_id, avatar, cod_postal, descripcion, direccion, lat_lng, poblacion, provincia, tiene_ascensor, tiene_garaje, tiene_piscina, tipo, inmobiliaria_id) values ('Piso Frontend', 65753, 82, 3, 5, 12, 'avatar10', 59046, 'Dispone de los equipamientos suficientes proximo a varios colegios publicos escuela infantil parque municipal y comercios. En su entorno mas proximo se encuentran varias carreteras nacionales como la A-8058 A-8058 y la A-4.', '612 Mitchell Street', '86.5280 55.5595', 'Brenes', 'Jaén', false, true, false, 'Venta', 8);
insert into VIVIENDA (titulo, precio, metros_cuadrados, num_Banos, num_Habitaciones, propietario_id, avatar, cod_postal, descripcion, direccion, lat_lng, poblacion, provincia, tiene_ascensor, tiene_garaje, tiene_piscina, tipo, inmobiliaria_id) values ('Casa Backend', 832440, 165, 1, 3, 31, 'avatar11', 49536, 'Casa de tres plantas en calle Pureza en pleno corazon de Triana proximo al Puente de Triana y al Puente San Telmo por lo que esta a 10 minutos andando del casco historico de Sevilla. Junto a la iglesia de Santa Ana y a la Capilla de los Marineros.', '0457 Mosinee Street', '-31.0867 133.1929', 'Guillena', 'Almería', false, true, false, 'Obra_Nueva', 12);
insert into VIVIENDA (titulo, precio, metros_cuadrados, num_Banos, num_Habitaciones, propietario_id, avatar, cod_postal, descripcion, direccion, lat_lng, poblacion, provincia, tiene_ascensor, tiene_garaje, tiene_piscina, tipo, inmobiliaria_id) values ('Chalet A Pedra', 338621, 209, 3, 3, 45, 'avatar12', 61073, 'Castilla 120 es una promocion de viviendasconuna magnifica ubicacion en el tradicional y exclusivo barrio de Triana. Situado a un paso del centro de Sevilla y con un magnifico acceso a la SE-30 y a cinco minutos a pie del centro comercial Torre Sevilla.', '645 Schurz Alley', '12.3810 31.5878', 'San Juan de Aznalfarache', 'Granada', true, true, false, 'Alquiler', 7);
insert into VIVIENDA (titulo, precio, metros_cuadrados, num_Banos, num_Habitaciones, propietario_id, avatar, cod_postal, descripcion, direccion, lat_lng, poblacion, provincia, tiene_ascensor, tiene_garaje, tiene_piscina, tipo, inmobiliaria_id) values ('Villa Felisa', 929954, 79, 4, 3, 14, 'avatar13', 25178, 'Dispone de los equipamientos suficientes proximo a varios colegios publicos escuela infantil parque municipal y comercios. En su entorno mas proximo se encuentran varias carreteras nacionales como la A-8058 A-8058 y la A-4.', '48052 Monica Drive', '76.5700 148.4103', 'La Puebla del Río', 'Almería', true, false, false, 'Obra_Nueva', 20);
insert into VIVIENDA (titulo, precio, metros_cuadrados, num_Banos, num_Habitaciones, propietario_id, avatar, cod_postal, descripcion, direccion, lat_lng, poblacion, provincia, tiene_ascensor, tiene_garaje, tiene_piscina, tipo, inmobiliaria_id) values ('Casa Mediterranea', 154356, 217, 4, 3, 25, 'avatar14', 57361, 'Casa de tres plantas en calle Pureza en pleno corazon de Triana proximo al Puente de Triana y al Puente San Telmo por lo que esta a 10 minutos andando del casco historico de Sevilla. Junto a la iglesia de Santa Ana y a la Capilla de los Marineros.', '2536 Shopko Park', '86.5280 55.5595', 'Gelves', 'Córdoba', true, false, true, 'Venta', 3);
insert into VIVIENDA (titulo, precio, metros_cuadrados, num_Banos, num_Habitaciones, propietario_id, avatar, cod_postal, descripcion, direccion, lat_lng, poblacion, provincia, tiene_ascensor, tiene_garaje, tiene_piscina, tipo, inmobiliaria_id) values ('Casa Noa', 2295, 108, 1, 4, 6, 'avatar15', 48391, 'Castilla 120 es una promocion de viviendasconuna magnifica ubicacion en el tradicional y exclusivo barrio de Triana. Situado a un paso del centro de Sevilla y con un magnifico acceso a la SE-30 y a cinco minutos a pie del centro comercial Torre Sevilla.', '9 Anderson Place', '1.3679 -119.5023', 'Utrera', 'Jaén', true, true, true, 'Venta', 19);
insert into VIVIENDA (titulo, precio, metros_cuadrados, num_Banos, num_Habitaciones, propietario_id, avatar, cod_postal, descripcion, direccion, lat_lng, poblacion, provincia, tiene_ascensor, tiene_garaje, tiene_piscina, tipo, inmobiliaria_id) values ('Venta de Abajo', 830730, 169, 3, 4, 16, 'avatar16', 55924, 'Dispone de los equipamientos suficientes proximo a varios colegios publicos escuela infantil parque municipal y comercios. En su entorno mas proximo se encuentran varias carreteras nacionales como la A-8058 A-8058 y la A-4.', '4 Lakeland Lane', '50.4464 24.8643', 'Morón de la Frontera', 'Cádiz', false, false, true, 'Obra_Nueva', 8);
insert into VIVIENDA (titulo, precio, metros_cuadrados, num_Banos, num_Habitaciones, propietario_id, avatar, cod_postal, descripcion, direccion, lat_lng, poblacion, provincia, tiene_ascensor, tiene_garaje, tiene_piscina, tipo, inmobiliaria_id) values ('Hacienda las Bridas', 484590, 122, 3, 2, 12, 'avatar17', 7040, 'Casa de tres plantas en calle Pureza en pleno corazon de Triana proximo al Puente de Triana y al Puente San Telmo por lo que esta a 10 minutos andando del casco historico de Sevilla. Junto a la iglesia de Santa Ana y a la Capilla de los Marineros.', '4 Kennedy Street', '1.3679 -119.5023', 'Cantillana', 'Granada', false, true, false, 'Venta', 3);
insert into VIVIENDA (titulo, precio, metros_cuadrados, num_Banos, num_Habitaciones, propietario_id, avatar, cod_postal, descripcion, direccion, lat_lng, poblacion, provincia, tiene_ascensor, tiene_garaje, tiene_piscina, tipo, inmobiliaria_id) values ('Pisco Coristanco', 528337, 231, 4, 3, 30, 'avatar18', 91067, 'Castilla 120 es una promocion de viviendasconuna magnifica ubicacion en el tradicional y exclusivo barrio de Triana. Situado a un paso del centro de Sevilla y con un magnifico acceso a la SE-30 y a cinco minutos a pie del centro comercial Torre Sevilla.', '48 Fairfield Hill', '1.3679 -119.5023', 'Gelves', 'Huelva', true, true, true, 'Venta', 12);
insert into VIVIENDA (titulo, precio, metros_cuadrados, num_Banos, num_Habitaciones, propietario_id, avatar, cod_postal, descripcion, direccion, lat_lng, poblacion, provincia, tiene_ascensor, tiene_garaje, tiene_piscina, tipo, inmobiliaria_id) values ('Piso Bella Vista', 281929, 142, 4, 1, 12, 'avatar19', 66738, 'Dispone de los equipamientos suficientes proximo a varios colegios publicos escuela infantil parque municipal y comercios. En su entorno mas proximo se encuentran varias carreteras nacionales como la A-8058 A-8058 y la A-4.', '2237 Cherokee Parkway', '36.5438 72.2647', 'Pilas', 'Granada', true, true, true, 'Alquiler', 6);
insert into VIVIENDA (titulo, precio, metros_cuadrados, num_Banos, num_Habitaciones, propietario_id, avatar, cod_postal, descripcion, direccion, lat_lng, poblacion, provincia, tiene_ascensor, tiene_garaje, tiene_piscina, tipo, inmobiliaria_id) values ('Chalet Piquito', 809354, 84, 5, 4, 23, 'avatar20', 82849, 'Casa de tres plantas en calle Pureza en pleno corazon de Triana proximo al Puente de Triana y al Puente San Telmo por lo que esta a 10 minutos andando del casco historico de Sevilla. Junto a la iglesia de Santa Ana y a la Capilla de los Marineros.', '18363 Basil Drive', '1.3679 -119.5023', 'Écija', 'Granada', false, false, false, 'Alquiler', 14);
insert into VIVIENDA (titulo, precio, metros_cuadrados, num_Banos, num_Habitaciones, propietario_id, avatar, cod_postal, descripcion, direccion, lat_lng, poblacion, provincia, tiene_ascensor, tiene_garaje, tiene_piscina, tipo, inmobiliaria_id) values ('Chalet la Carlina', 956523, 90, 1, 6, 49, 'avatar1', 28939, 'Castilla 120 es una promocion de viviendasconuna magnifica ubicacion en el tradicional y exclusivo barrio de Triana. Situado a un paso del centro de Sevilla y con un magnifico acceso a la SE-30 y a cinco minutos a pie del centro comercial Torre Sevilla.', '564 Forest Run Drive', '-31.0867 133.1929', 'Lora del Río', 'Cádiz', false, false, true, 'Alquiler', 11);
insert into VIVIENDA (titulo, precio, metros_cuadrados, num_Banos, num_Habitaciones, propietario_id, avatar, cod_postal, descripcion, direccion, lat_lng, poblacion, provincia, tiene_ascensor, tiene_garaje, tiene_piscina, tipo, inmobiliaria_id) values ('Piso los Menestrales', 802169, 138, 2, 1, 40, 'avatar2', 10385, 'Dispone de los equipamientos suficientes proximo a varios colegios publicos escuela infantil parque municipal y comercios. En su entorno mas proximo se encuentran varias carreteras nacionales como la A-8058 A-8058 y la A-4.', '7942 Dunning Avenue', '50.4464 24.8643', 'Alcalá del Río', 'Cádiz', true, false, false, 'Venta', 7);
insert into VIVIENDA (titulo, precio, metros_cuadrados, num_Banos, num_Habitaciones, propietario_id, avatar, cod_postal, descripcion, direccion, lat_lng, poblacion, provincia, tiene_ascensor, tiene_garaje, tiene_piscina, tipo, inmobiliaria_id) values ('Hacienda Molino Blanco', 251723, 178, 4, 4, 31, 'avatar3', 6326, 'Casa de tres plantas en calle Pureza en pleno corazon de Triana proximo al Puente de Triana y al Puente San Telmo por lo que esta a 10 minutos andando del casco historico de Sevilla. Junto a la iglesia de Santa Ana y a la Capilla de los Marineros.', '09282 Chinook Lane', '76.5700 148.4103', 'Alcalá de Guadaíra', 'Almería', false, false, false, 'Venta', 8);
insert into VIVIENDA (titulo, precio, metros_cuadrados, num_Banos, num_Habitaciones, propietario_id, avatar, cod_postal, descripcion, direccion, lat_lng, poblacion, provincia, tiene_ascensor, tiene_garaje, tiene_piscina, tipo, inmobiliaria_id) values ('Chalet la Teja', 741831, 124, 1, 5, 49, 'avatar4', 72763, 'Castilla 120 es una promocion de viviendasconuna magnifica ubicacion en el tradicional y exclusivo barrio de Triana. Situado a un paso del centro de Sevilla y con un magnifico acceso a la SE-30 y a cinco minutos a pie del centro comercial Torre Sevilla.', '4 Mandrake Trail', '67.9254 111.1351', 'Coria del Río', 'Jaén', true, false, true, 'Alquiler', 5);
insert into VIVIENDA (titulo, precio, metros_cuadrados, num_Banos, num_Habitaciones, propietario_id, avatar, cod_postal, descripcion, direccion, lat_lng, poblacion, provincia, tiene_ascensor, tiene_garaje, tiene_piscina, tipo, inmobiliaria_id) values ('Piso Worries', 537920, 113, 5, 1, 16, 'avatar5', 47860, 'Dispone de los equipamientos suficientes proximo a varios colegios publicos escuela infantil parque municipal y comercios. En su entorno mas proximo se encuentran varias carreteras nacionales como la A-8058 A-8058 y la A-4.', '94 Golden Leaf Drive', '50.4464 24.8643', 'Alcalá de Guadaíra', 'Huelva', false, true, true, 'Venta', 1);
insert into VIVIENDA (titulo, precio, metros_cuadrados, num_Banos, num_Habitaciones, propietario_id, avatar, cod_postal, descripcion, direccion, lat_lng, poblacion, provincia, tiene_ascensor, tiene_garaje, tiene_piscina, tipo, inmobiliaria_id) values ('Casa Luismi', 575521, 237, 3, 6, 16, 'avatar6', 76401, 'Casa de tres plantas en calle Pureza en pleno corazon de Triana proximo al Puente de Triana y al Puente San Telmo por lo que esta a 10 minutos andando del casco historico de Sevilla. Junto a la iglesia de Santa Ana y a la Capilla de los Marineros.', '91 Forster Parkway', '-81.5439 -43.2849', 'Mairena del Aljarafe', 'Huelva', true, false, false, 'Venta', 15);
insert into VIVIENDA (titulo, precio, metros_cuadrados, num_Banos, num_Habitaciones, propietario_id, avatar, cod_postal, descripcion, direccion, lat_lng, poblacion, provincia, tiene_ascensor, tiene_garaje, tiene_piscina, tipo, inmobiliaria_id) values ('Chalet de Miguel', 846012, 224, 3, 3, 23, 'avatar7', 74106, 'Castilla 120 es una promocion de viviendasconuna magnifica ubicacion en el tradicional y exclusivo barrio de Triana. Situado a un paso del centro de Sevilla y con un magnifico acceso a la SE-30 y a cinco minutos a pie del centro comercial Torre Sevilla.', '30483 Tony Plaza', '50.4464 24.8643', 'Alcalá del Río', 'Granada', false, false, false, 'Obra_Nueva', 6);
insert into VIVIENDA (titulo, precio, metros_cuadrados, num_Banos, num_Habitaciones, propietario_id, avatar, cod_postal, descripcion, direccion, lat_lng, poblacion, provincia, tiene_ascensor, tiene_garaje, tiene_piscina, tipo, inmobiliaria_id) values ('Casa Sevilla', 46755, 221, 3, 4, 38, 'avatar8', 50604, 'Dispone de los equipamientos suficientes proximo a varios colegios publicos escuela infantil parque municipal y comercios. En su entorno mas proximo se encuentran varias carreteras nacionales como la A-8058 A-8058 y la A-4.', '7 Talmadge Pass', '-31.0867 133.1929', 'Lora del Río', 'Sevilla', true, false, true, 'Alquiler', 1);
insert into VIVIENDA (titulo, precio, metros_cuadrados, num_Banos, num_Habitaciones, propietario_id, avatar, cod_postal, descripcion, direccion, lat_lng, poblacion, provincia, tiene_ascensor, tiene_garaje, tiene_piscina, tipo, inmobiliaria_id) values ('Chalet Flor de Azahar', 69177, 238, 4, 1, 30, 'avatar9', 90533, 'Casa de tres plantas en calle Pureza en pleno corazon de Triana proximo al Puente de Triana y al Puente San Telmo por lo que esta a 10 minutos andando del casco historico de Sevilla. Junto a la iglesia de Santa Ana y a la Capilla de los Marineros.', '8857 Marquette Plaza', '81.5227 6.2863', 'Écija', 'Granada', false, false, true, 'Alquiler', 20);
insert into VIVIENDA (titulo, precio, metros_cuadrados, num_Banos, num_Habitaciones, propietario_id, avatar, cod_postal, descripcion, direccion, lat_lng, poblacion, provincia, tiene_ascensor, tiene_garaje, tiene_piscina, tipo, inmobiliaria_id) values ('Casa Orbe', 350115, 93, 3, 3, 45, 'avatar10', 71384, 'Castilla 120 es una promocion de viviendasconuna magnifica ubicacion en el tradicional y exclusivo barrio de Triana. Situado a un paso del centro de Sevilla y con un magnifico acceso a la SE-30 y a cinco minutos a pie del centro comercial Torre Sevilla.', '80 Leroy Circle', '36.5438 72.2647', 'Sanlúcar la Mayor', 'Jaén', false, false, true, 'Obra_Nueva', 8);
insert into VIVIENDA (titulo, precio, metros_cuadrados, num_Banos, num_Habitaciones, propietario_id, avatar, cod_postal, descripcion, direccion, lat_lng, poblacion, provincia, tiene_ascensor, tiene_garaje, tiene_piscina, tipo, inmobiliaria_id) values ('Casa Blanca', 229588, 201, 4, 2, 10, 'avatar11', 69217, 'Dispone de los equipamientos suficientes proximo a varios colegios publicos escuela infantil parque municipal y comercios. En su entorno mas proximo se encuentran varias carreteras nacionales como la A-8058 A-8058 y la A-4.', '21951 Washington Road', '67.9254 111.1351', 'Coria del Río', 'Málaga', true, false, true, 'Obra_Nueva', 15);
insert into VIVIENDA (titulo, precio, metros_cuadrados, num_Banos, num_Habitaciones, propietario_id, avatar, cod_postal, descripcion, direccion, lat_lng, poblacion, provincia, tiene_ascensor, tiene_garaje, tiene_piscina, tipo, inmobiliaria_id) values ('Piso Alcazar', 820084, 134, 5, 1, 3, 'avatar12', 6618, 'Casa de tres plantas en calle Pureza en pleno corazon de Triana proximo al Puente de Triana y al Puente San Telmo por lo que esta a 10 minutos andando del casco historico de Sevilla. Junto a la iglesia de Santa Ana y a la Capilla de los Marineros.', '89 Hayes Lane', '67.9254 111.1351', 'Gines', 'Málaga', true, false, true, 'Venta', 3);
insert into VIVIENDA (titulo, precio, metros_cuadrados, num_Banos, num_Habitaciones, propietario_id, avatar, cod_postal, descripcion, direccion, lat_lng, poblacion, provincia, tiene_ascensor, tiene_garaje, tiene_piscina, tipo, inmobiliaria_id) values ('Chalet Gran Rey', 450653, 94, 5, 1, 47, 'avatar13', 6807, 'Castilla 120 es una promocion de viviendasconuna magnifica ubicacion en el tradicional y exclusivo barrio de Triana. Situado a un paso del centro de Sevilla y con un magnifico acceso a la SE-30 y a cinco minutos a pie del centro comercial Torre Sevilla.', '58 Sutherland Pass', '50.4464 24.8643', 'Camas', 'Huelva', true, true, false, 'Obra_Nueva', 4);
insert into VIVIENDA (titulo, precio, metros_cuadrados, num_Banos, num_Habitaciones, propietario_id, avatar, cod_postal, descripcion, direccion, lat_lng, poblacion, provincia, tiene_ascensor, tiene_garaje, tiene_piscina, tipo, inmobiliaria_id) values ('Casa Carballo', 247038, 98, 2, 6, 40, 'avatar14', 48788, 'Dispone de los equipamientos suficientes proximo a varios colegios publicos escuela infantil parque municipal y comercios. En su entorno mas proximo se encuentran varias carreteras nacionales como la A-8058 A-8058 y la A-4.', '3 Steensland Hill', '76.5700 148.4103', 'Castilleja de la Cuesta', 'Málaga', false, false, false, 'Alquiler', 11);
insert into VIVIENDA (titulo, precio, metros_cuadrados, num_Banos, num_Habitaciones, propietario_id, avatar, cod_postal, descripcion, direccion, lat_lng, poblacion, provincia, tiene_ascensor, tiene_garaje, tiene_piscina, tipo, inmobiliaria_id) values ('Piso Siri', 928473, 224, 3, 1, 25, 'avatar15', 71524, 'Casa de tres plantas en calle Pureza en pleno corazon de Triana proximo al Puente de Triana y al Puente San Telmo por lo que esta a 10 minutos andando del casco historico de Sevilla. Junto a la iglesia de Santa Ana y a la Capilla de los Marineros.', '64475 Lunder Point', '86.5280 55.5595', 'Carmona', 'Jaén', false, false, false, 'Obra_Nueva', 11);
insert into VIVIENDA (titulo, precio, metros_cuadrados, num_Banos, num_Habitaciones, propietario_id, avatar, cod_postal, descripcion, direccion, lat_lng, poblacion, provincia, tiene_ascensor, tiene_garaje, tiene_piscina, tipo, inmobiliaria_id) values ('Piso Billiards', 69909, 237, 2, 5, 40, 'avatar16', 89754, 'Castilla 120 es una promocion de viviendasconuna magnifica ubicacion en el tradicional y exclusivo barrio de Triana. Situado a un paso del centro de Sevilla y con un magnifico acceso a la SE-30 y a cinco minutos a pie del centro comercial Torre Sevilla.', '2076 Talmadge Street', '1.3679 -119.5023', 'Coria del Río', 'Granada', false, true, false, 'Alquiler', 20);
insert into VIVIENDA (titulo, precio, metros_cuadrados, num_Banos, num_Habitaciones, propietario_id, avatar, cod_postal, descripcion, direccion, lat_lng, poblacion, provincia, tiene_ascensor, tiene_garaje, tiene_piscina, tipo, inmobiliaria_id) values ('Casa Shiba', 136944, 235, 2, 5, 49, 'avatar17', 44009, 'Dispone de los equipamientos suficientes proximo a varios colegios publicos escuela infantil parque municipal y comercios. En su entorno mas proximo se encuentran varias carreteras nacionales como la A-8058 A-8058 y la A-4.', '091 Coolidge Street', '67.9254 111.1351', 'Gines', 'Cádiz', false, true, false, 'Alquiler', 20);
insert into VIVIENDA (titulo, precio, metros_cuadrados, num_Banos, num_Habitaciones, propietario_id, avatar, cod_postal, descripcion, direccion, lat_lng, poblacion, provincia, tiene_ascensor, tiene_garaje, tiene_piscina, tipo, inmobiliaria_id) values ('Casa de Galaxi', 324697, 96, 5, 4, 48, 'avatar18', 62425, 'Casa de tres plantas en calle Pureza en pleno corazon de Triana proximo al Puente de Triana y al Puente San Telmo por lo que esta a 10 minutos andando del casco historico de Sevilla. Junto a la iglesia de Santa Ana y a la Capilla de los Marineros.', '1410 Oak Avenue', '76.5700 148.4103', 'Estepa', 'Córdoba', true, false, false, 'Alquiler', 18);
insert into VIVIENDA (titulo, precio, metros_cuadrados, num_Banos, num_Habitaciones, propietario_id, avatar, cod_postal, descripcion, direccion, lat_lng, poblacion, provincia, tiene_ascensor, tiene_garaje, tiene_piscina, tipo, inmobiliaria_id) values ('Chalet Flamenco Dorado', 509058, 163, 3, 6, 46, 'avatar19', 43854, 'Castilla 120 es una promocion de viviendasconuna magnifica ubicacion en el tradicional y exclusivo barrio de Triana. Situado a un paso del centro de Sevilla y con un magnifico acceso a la SE-30 y a cinco minutos a pie del centro comercial Torre Sevilla.', '1168 Fair Oaks Plaza', '81.5227 6.2863', 'La Puebla de Cazalla', 'Málaga', true, true, true, 'Alquiler', 15);
insert into VIVIENDA (titulo, precio, metros_cuadrados, num_Banos, num_Habitaciones, propietario_id, avatar, cod_postal, descripcion, direccion, lat_lng, poblacion, provincia, tiene_ascensor, tiene_garaje, tiene_piscina, tipo, inmobiliaria_id) values ('Piso Frontend', 741418, 111, 1, 1, 45, 'avatar20', 38780, 'Dispone de los equipamientos suficientes proximo a varios colegios publicos escuela infantil parque municipal y comercios. En su entorno mas proximo se encuentran varias carreteras nacionales como la A-8058 A-8058 y la A-4.', '4 Ryan Center', '3.3030 -39.3471', 'Dos Hermanas', 'Huelva', false, false, false, 'Alquiler', 15);
insert into VIVIENDA (titulo, precio, metros_cuadrados, num_Banos, num_Habitaciones, propietario_id, avatar, cod_postal, descripcion, direccion, lat_lng, poblacion, provincia, tiene_ascensor, tiene_garaje, tiene_piscina, tipo, inmobiliaria_id) values ('Casa Backend', 473531, 158, 2, 6, 3, 'avatar1', 20791, 'Casa de tres plantas en calle Pureza en pleno corazon de Triana proximo al Puente de Triana y al Puente San Telmo por lo que esta a 10 minutos andando del casco historico de Sevilla. Junto a la iglesia de Santa Ana y a la Capilla de los Marineros.', '5 Bay Lane', '-81.5439 -43.2849', 'Morón de la Frontera', 'Huelva', false, false, false, 'Obra_Nueva', 13);
insert into VIVIENDA (titulo, precio, metros_cuadrados, num_Banos, num_Habitaciones, propietario_id, avatar, cod_postal, descripcion, direccion, lat_lng, poblacion, provincia, tiene_ascensor, tiene_garaje, tiene_piscina, tipo, inmobiliaria_id) values ('Chalet A Pedra', 130643, 117, 4, 1, 12, 'avatar2', 88043, 'Castilla 120 es una promocion de viviendasconuna magnifica ubicacion en el tradicional y exclusivo barrio de Triana. Situado a un paso del centro de Sevilla y con un magnifico acceso a la SE-30 y a cinco minutos a pie del centro comercial Torre Sevilla.', '9 Hollow Ridge Junction', '-31.0867 133.1929', 'Mairena del Alcor', 'Granada', true, true, false, 'Venta', 17);
insert into VIVIENDA (titulo, precio, metros_cuadrados, num_Banos, num_Habitaciones, propietario_id, avatar, cod_postal, descripcion, direccion, lat_lng, poblacion, provincia, tiene_ascensor, tiene_garaje, tiene_piscina, tipo, inmobiliaria_id) values ('Villa Felisa', 390642, 127, 1, 6, 2, 'avatar3', 73114, 'Dispone de los equipamientos suficientes proximo a varios colegios publicos escuela infantil parque municipal y comercios. En su entorno mas proximo se encuentran varias carreteras nacionales como la A-8058 A-8058 y la A-4.', '69053 Anzinger Road', '3.3030 -39.3471', 'Mairena del Alcor', 'Córdoba', false, false, false, 'Obra_Nueva', 14);
insert into VIVIENDA (titulo, precio, metros_cuadrados, num_Banos, num_Habitaciones, propietario_id, avatar, cod_postal, descripcion, direccion, lat_lng, poblacion, provincia, tiene_ascensor, tiene_garaje, tiene_piscina, tipo, inmobiliaria_id) values ('Casa Mediterranea', 891875, 133, 1, 4, 23, 'avatar4', 90814, 'Casa de tres plantas en calle Pureza en pleno corazon de Triana proximo al Puente de Triana y al Puente San Telmo por lo que esta a 10 minutos andando del casco historico de Sevilla. Junto a la iglesia de Santa Ana y a la Capilla de los Marineros.', '0987 Forest Road', '50.7048 42.9541', 'La Puebla de Cazalla', 'Granada', true, true, false, 'Obra_Nueva', 4);
insert into VIVIENDA (titulo, precio, metros_cuadrados, num_Banos, num_Habitaciones, propietario_id, avatar, cod_postal, descripcion, direccion, lat_lng, poblacion, provincia, tiene_ascensor, tiene_garaje, tiene_piscina, tipo, inmobiliaria_id) values ('Casa Noa', 980017, 148, 5, 4, 13, 'avatar5', 64323, 'Castilla 120 es una promocion de viviendasconuna magnifica ubicacion en el tradicional y exclusivo barrio de Triana. Situado a un paso del centro de Sevilla y con un magnifico acceso a la SE-30 y a cinco minutos a pie del centro comercial Torre Sevilla.', '08 Mifflin Center', '-31.0867 133.1929', 'La Puebla del Río', 'Jaén', false, false, false, 'Obra_Nueva', 4);
insert into VIVIENDA (titulo, precio, metros_cuadrados, num_Banos, num_Habitaciones, propietario_id, avatar, cod_postal, descripcion, direccion, lat_lng, poblacion, provincia, tiene_ascensor, tiene_garaje, tiene_piscina, tipo, inmobiliaria_id) values ('Venta de Abajo', 347701, 214, 4, 3, 48, 'avatar6', 74189, 'Dispone de los equipamientos suficientes proximo a varios colegios publicos escuela infantil parque municipal y comercios. En su entorno mas proximo se encuentran varias carreteras nacionales como la A-8058 A-8058 y la A-4.', '7 Holy Cross Drive', '1.3679 -119.5023', 'Sanlúcar la Mayor', 'Huelva', true, false, true, 'Obra_Nueva', 17);
insert into VIVIENDA (titulo, precio, metros_cuadrados, num_Banos, num_Habitaciones, propietario_id, avatar, cod_postal, descripcion, direccion, lat_lng, poblacion, provincia, tiene_ascensor, tiene_garaje, tiene_piscina, tipo, inmobiliaria_id) values ('Hacienda las Bridas', 812552, 160, 4, 1, 49, 'avatar7', 97041, 'Casa de tres plantas en calle Pureza en pleno corazon de Triana proximo al Puente de Triana y al Puente San Telmo por lo que esta a 10 minutos andando del casco historico de Sevilla. Junto a la iglesia de Santa Ana y a la Capilla de los Marineros.', '3 Cascade Parkway', '67.9254 111.1351', 'Bormujos', 'Huelva', false, true, false, 'Obra_Nueva', 17);
insert into VIVIENDA (titulo, precio, metros_cuadrados, num_Banos, num_Habitaciones, propietario_id, avatar, cod_postal, descripcion, direccion, lat_lng, poblacion, provincia, tiene_ascensor, tiene_garaje, tiene_piscina, tipo, inmobiliaria_id) values ('Pisco Coristanco', 543508, 225, 1, 3, 10, 'avatar8', 26242, 'Castilla 120 es una promocion de viviendasconuna magnifica ubicacion en el tradicional y exclusivo barrio de Triana. Situado a un paso del centro de Sevilla y con un magnifico acceso a la SE-30 y a cinco minutos a pie del centro comercial Torre Sevilla.', '8 Sullivan Road', '-31.0867 133.1929', 'Utrera', 'Málaga', false, true, false, 'Obra_Nueva', 6);
insert into VIVIENDA (titulo, precio, metros_cuadrados, num_Banos, num_Habitaciones, propietario_id, avatar, cod_postal, descripcion, direccion, lat_lng, poblacion, provincia, tiene_ascensor, tiene_garaje, tiene_piscina, tipo, inmobiliaria_id) values ('Piso Bella Vista', 816769, 96, 3, 6, 22, 'avatar9', 57248, 'Dispone de los equipamientos suficientes proximo a varios colegios publicos escuela infantil parque municipal y comercios. En su entorno mas proximo se encuentran varias carreteras nacionales como la A-8058 A-8058 y la A-4.', '02 Wayridge Hill', '-81.5439 -43.2849', 'Lora del Río', 'Granada', true, false, false, 'Venta', 1);
insert into VIVIENDA (titulo, precio, metros_cuadrados, num_Banos, num_Habitaciones, propietario_id, avatar, cod_postal, descripcion, direccion, lat_lng, poblacion, provincia, tiene_ascensor, tiene_garaje, tiene_piscina, tipo, inmobiliaria_id) values ('Chalet Piquito', 14065, 66, 2, 2, 47, 'avatar10', 80980, 'Casa de tres plantas en calle Pureza en pleno corazon de Triana proximo al Puente de Triana y al Puente San Telmo por lo que esta a 10 minutos andando del casco historico de Sevilla. Junto a la iglesia de Santa Ana y a la Capilla de los Marineros.', '2263 Mallard Terrace', '12.3810 31.5878', 'Cantillana', 'Granada', false, false, false, 'Obra_Nueva', 4);
insert into VIVIENDA (titulo, precio, metros_cuadrados, num_Banos, num_Habitaciones, propietario_id, avatar, cod_postal, descripcion, direccion, lat_lng, poblacion, provincia, tiene_ascensor, tiene_garaje, tiene_piscina, tipo, inmobiliaria_id) values ('Chalet la Carlina', 952955, 200, 2, 1, 31, 'avatar11', 21964, 'Castilla 120 es una promocion de viviendasconuna magnifica ubicacion en el tradicional y exclusivo barrio de Triana. Situado a un paso del centro de Sevilla y con un magnifico acceso a la SE-30 y a cinco minutos a pie del centro comercial Torre Sevilla.', '13 Westend Road', '44.4005 52.3816', 'Arahal', 'Granada', true, true, true, 'Venta', 10);
insert into VIVIENDA (titulo, precio, metros_cuadrados, num_Banos, num_Habitaciones, propietario_id, avatar, cod_postal, descripcion, direccion, lat_lng, poblacion, provincia, tiene_ascensor, tiene_garaje, tiene_piscina, tipo, inmobiliaria_id) values ('Piso los Menestrales', 635897, 180, 2, 5, 25, 'avatar12', 71554, 'Dispone de los equipamientos suficientes proximo a varios colegios publicos escuela infantil parque municipal y comercios. En su entorno mas proximo se encuentran varias carreteras nacionales como la A-8058 A-8058 y la A-4.', '62 Forest Road', '50.4464 24.8643', 'La Algaba', 'Granada', false, true, false, 'Venta', 12);
insert into VIVIENDA (titulo, precio, metros_cuadrados, num_Banos, num_Habitaciones, propietario_id, avatar, cod_postal, descripcion, direccion, lat_lng, poblacion, provincia, tiene_ascensor, tiene_garaje, tiene_piscina, tipo, inmobiliaria_id) values ('Hacienda Molino Blanco', 298818, 165, 1, 3, 30, 'avatar13', 78314, 'Casa de tres plantas en calle Pureza en pleno corazon de Triana proximo al Puente de Triana y al Puente San Telmo por lo que esta a 10 minutos andando del casco historico de Sevilla. Junto a la iglesia de Santa Ana y a la Capilla de los Marineros.', '43681 Hudson Junction', '44.4005 52.3816', 'Utrera', 'Córdoba', false, true, true, 'Obra_Nueva', 11);
insert into VIVIENDA (titulo, precio, metros_cuadrados, num_Banos, num_Habitaciones, propietario_id, avatar, cod_postal, descripcion, direccion, lat_lng, poblacion, provincia, tiene_ascensor, tiene_garaje, tiene_piscina, tipo, inmobiliaria_id) values ('Chalet la Teja', 960558, 176, 5, 3, 6, 'avatar14', 87909, 'Castilla 120 es una promocion de viviendasconuna magnifica ubicacion en el tradicional y exclusivo barrio de Triana. Situado a un paso del centro de Sevilla y con un magnifico acceso a la SE-30 y a cinco minutos a pie del centro comercial Torre Sevilla.', '1 Tennyson Drive', '3.3030 -39.3471', 'Bormujos', 'Córdoba', false, false, true, 'Obra_Nueva', 2);
insert into VIVIENDA (titulo, precio, metros_cuadrados, num_Banos, num_Habitaciones, propietario_id, avatar, cod_postal, descripcion, direccion, lat_lng, poblacion, provincia, tiene_ascensor, tiene_garaje, tiene_piscina, tipo, inmobiliaria_id) values ('Piso Worries', 163791, 137, 4, 2, 24, 'avatar15', 63505, 'Dispone de los equipamientos suficientes proximo a varios colegios publicos escuela infantil parque municipal y comercios. En su entorno mas proximo se encuentran varias carreteras nacionales como la A-8058 A-8058 y la A-4.', '7830 Grayhawk Alley', '86.5280 55.5595', 'La Rinconada', 'Huelva', true, false, true, 'Venta', 17);
insert into VIVIENDA (titulo, precio, metros_cuadrados, num_Banos, num_Habitaciones, propietario_id, avatar, cod_postal, descripcion, direccion, lat_lng, poblacion, provincia, tiene_ascensor, tiene_garaje, tiene_piscina, tipo, inmobiliaria_id) values ('Casa Luismi', 170734, 201, 3, 3, 47, 'avatar16', 61482, 'Casa de tres plantas en calle Pureza en pleno corazon de Triana proximo al Puente de Triana y al Puente San Telmo por lo que esta a 10 minutos andando del casco historico de Sevilla. Junto a la iglesia de Santa Ana y a la Capilla de los Marineros.', '44 Nobel Avenue', '44.4005 52.3816', 'Tomares', 'Córdoba', false, false, true, 'Obra_Nueva', 18);
insert into VIVIENDA (titulo, precio, metros_cuadrados, num_Banos, num_Habitaciones, propietario_id, avatar, cod_postal, descripcion, direccion, lat_lng, poblacion, provincia, tiene_ascensor, tiene_garaje, tiene_piscina, tipo, inmobiliaria_id) values ('Chalet de Miguel', 957695, 133, 2, 5, 45, 'avatar17', 36970, 'Castilla 120 es una promocion de viviendasconuna magnifica ubicacion en el tradicional y exclusivo barrio de Triana. Situado a un paso del centro de Sevilla y con un magnifico acceso a la SE-30 y a cinco minutos a pie del centro comercial Torre Sevilla.', '56 Hayes Alley', '-31.0867 133.1929', 'Brenes', 'Jaén', false, false, false, 'Alquiler', 12);
insert into VIVIENDA (titulo, precio, metros_cuadrados, num_Banos, num_Habitaciones, propietario_id, avatar, cod_postal, descripcion, direccion, lat_lng, poblacion, provincia, tiene_ascensor, tiene_garaje, tiene_piscina, tipo, inmobiliaria_id) values ('Casa Sevilla', 922919, 108, 1, 4, 31, 'avatar18', 38295, 'Dispone de los equipamientos suficientes proximo a varios colegios publicos escuela infantil parque municipal y comercios. En su entorno mas proximo se encuentran varias carreteras nacionales como la A-8058 A-8058 y la A-4.', '57055 Vermont Parkway', '12.3810 31.5878', 'La Rinconada', 'Málaga', true, false, true, 'Obra_Nueva', 4);
insert into VIVIENDA (titulo, precio, metros_cuadrados, num_Banos, num_Habitaciones, propietario_id, avatar, cod_postal, descripcion, direccion, lat_lng, poblacion, provincia, tiene_ascensor, tiene_garaje, tiene_piscina, tipo, inmobiliaria_id) values ('Chalet Flor de Azahar', 978309, 181, 4, 6, 46, 'avatar19', 3173, 'Casa de tres plantas en calle Pureza en pleno corazon de Triana proximo al Puente de Triana y al Puente San Telmo por lo que esta a 10 minutos andando del casco historico de Sevilla. Junto a la iglesia de Santa Ana y a la Capilla de los Marineros.', '87036 Springview Way', '-81.5439 -43.2849', 'Mairena del Alcor', 'Cádiz', false, true, false, 'Obra_Nueva', 11);
insert into VIVIENDA (titulo, precio, metros_cuadrados, num_Banos, num_Habitaciones, propietario_id, avatar, cod_postal, descripcion, direccion, lat_lng, poblacion, provincia, tiene_ascensor, tiene_garaje, tiene_piscina, tipo, inmobiliaria_id) values ('Casa Orbe', 644625, 199, 3, 1, 45, 'avatar20', 63060, 'Castilla 120 es una promocion de viviendasconuna magnifica ubicacion en el tradicional y exclusivo barrio de Triana. Situado a un paso del centro de Sevilla y con un magnifico acceso a la SE-30 y a cinco minutos a pie del centro comercial Torre Sevilla.', '885 Burning Wood Alley', '50.4464 24.8643', 'San Juan de Aznalfarache', 'Almería', true, true, true, 'Obra_Nueva', 6);
insert into VIVIENDA (titulo, precio, metros_cuadrados, num_Banos, num_Habitaciones, propietario_id, avatar, cod_postal, descripcion, direccion, lat_lng, poblacion, provincia, tiene_ascensor, tiene_garaje, tiene_piscina, tipo, inmobiliaria_id) values ('Casa Blanca', 69373, 129, 4, 6, 16, 'avatar1', 56527, 'Dispone de los equipamientos suficientes proximo a varios colegios publicos escuela infantil parque municipal y comercios. En su entorno mas proximo se encuentran varias carreteras nacionales como la A-8058 A-8058 y la A-4.', '46 Sherman Street', '67.9254 111.1351', 'Carmona', 'Jaén', false, true, false, 'Venta', 7);
insert into VIVIENDA (titulo, precio, metros_cuadrados, num_Banos, num_Habitaciones, propietario_id, avatar, cod_postal, descripcion, direccion, lat_lng, poblacion, provincia, tiene_ascensor, tiene_garaje, tiene_piscina, tipo, inmobiliaria_id) values ('Piso Alcazar', 526890, 170, 5, 5, 16, 'avatar2', 99282, 'Casa de tres plantas en calle Pureza en pleno corazon de Triana proximo al Puente de Triana y al Puente San Telmo por lo que esta a 10 minutos andando del casco historico de Sevilla. Junto a la iglesia de Santa Ana y a la Capilla de los Marineros.', '748 Parkside Road', '67.9254 111.1351', 'Sanlúcar la Mayor', 'Córdoba', false, false, false, 'Venta', 1);
insert into VIVIENDA (titulo, precio, metros_cuadrados, num_Banos, num_Habitaciones, propietario_id, avatar, cod_postal, descripcion, direccion, lat_lng, poblacion, provincia, tiene_ascensor, tiene_garaje, tiene_piscina, tipo, inmobiliaria_id) values ('Chalet Gran Rey', 666497, 120, 1, 5, 47, 'avatar3', 36594, 'Castilla 120 es una promocion de viviendasconuna magnifica ubicacion en el tradicional y exclusivo barrio de Triana. Situado a un paso del centro de Sevilla y con un magnifico acceso a la SE-30 y a cinco minutos a pie del centro comercial Torre Sevilla.', '710 Carberry Junction', '50.7048 42.9541', 'La Puebla del Río', 'Sevilla', false, true, false, 'Venta', 12);
insert into VIVIENDA (titulo, precio, metros_cuadrados, num_Banos, num_Habitaciones, propietario_id, avatar, cod_postal, descripcion, direccion, lat_lng, poblacion, provincia, tiene_ascensor, tiene_garaje, tiene_piscina, tipo, inmobiliaria_id) values ('Casa Carballo', 129966, 223, 2, 3, 13, 'avatar4', 71890, 'Dispone de los equipamientos suficientes proximo a varios colegios publicos escuela infantil parque municipal y comercios. En su entorno mas proximo se encuentran varias carreteras nacionales como la A-8058 A-8058 y la A-4.', '73 Vahlen Place', '44.4005 52.3816', 'El Viso del Alcor', 'Granada', true, false, true, 'Obra_Nueva', 9);
insert into VIVIENDA (titulo, precio, metros_cuadrados, num_Banos, num_Habitaciones, propietario_id, avatar, cod_postal, descripcion, direccion, lat_lng, poblacion, provincia, tiene_ascensor, tiene_garaje, tiene_piscina, tipo, inmobiliaria_id) values ('Piso Siri', 301885, 210, 3, 1, 23, 'avatar5', 45733, 'Casa de tres plantas en calle Pureza en pleno corazon de Triana proximo al Puente de Triana y al Puente San Telmo por lo que esta a 10 minutos andando del casco historico de Sevilla. Junto a la iglesia de Santa Ana y a la Capilla de los Marineros.', '4156 American Pass', '12.3810 31.5878', 'Tomares', 'Córdoba', false, true, false, 'Venta', 7);
insert into VIVIENDA (titulo, precio, metros_cuadrados, num_Banos, num_Habitaciones, propietario_id, avatar, cod_postal, descripcion, direccion, lat_lng, poblacion, provincia, tiene_ascensor, tiene_garaje, tiene_piscina, tipo, inmobiliaria_id) values ('Piso Billiards', 251155, 233, 1, 2, 13, 'avatar6', 50978, 'Castilla 120 es una promocion de viviendasconuna magnifica ubicacion en el tradicional y exclusivo barrio de Triana. Situado a un paso del centro de Sevilla y con un magnifico acceso a la SE-30 y a cinco minutos a pie del centro comercial Torre Sevilla.', '485 Shoshone Trail', '50.7048 42.9541', 'Bollullos de la Mitación', 'Cádiz', false, false, false, 'Venta', 13);
insert into VIVIENDA (titulo, precio, metros_cuadrados, num_Banos, num_Habitaciones, propietario_id, avatar, cod_postal, descripcion, direccion, lat_lng, poblacion, provincia, tiene_ascensor, tiene_garaje, tiene_piscina, tipo, inmobiliaria_id) values ('Casa Shiba', 412079, 240, 1, 6, 6, 'avatar7', 97648, 'Dispone de los equipamientos suficientes proximo a varios colegios publicos escuela infantil parque municipal y comercios. En su entorno mas proximo se encuentran varias carreteras nacionales como la A-8058 A-8058 y la A-4.', '1 Fisk Hill', '1.3679 -119.5023', 'Lebrija', 'Almería', false, true, false, 'Alquiler', 13);
insert into VIVIENDA (titulo, precio, metros_cuadrados, num_Banos, num_Habitaciones, propietario_id, avatar, cod_postal, descripcion, direccion, lat_lng, poblacion, provincia, tiene_ascensor, tiene_garaje, tiene_piscina, tipo, inmobiliaria_id) values ('Casa de Galaxi', 417297, 159, 2, 1, 12, 'avatar8', 20685, 'Casa de tres plantas en calle Pureza en pleno corazon de Triana proximo al Puente de Triana y al Puente San Telmo por lo que esta a 10 minutos andando del casco historico de Sevilla. Junto a la iglesia de Santa Ana y a la Capilla de los Marineros.', '446 Crest Line Drive', '44.4005 52.3816', 'La Algaba', 'Málaga', false, false, false, 'Venta', 3);
insert into VIVIENDA (titulo, precio, metros_cuadrados, num_Banos, num_Habitaciones, propietario_id, avatar, cod_postal, descripcion, direccion, lat_lng, poblacion, provincia, tiene_ascensor, tiene_garaje, tiene_piscina, tipo, inmobiliaria_id) values ('Chalet Flamenco Dorado', 200181, 235, 5, 6, 6, 'avatar9', 48676, 'Castilla 120 es una promocion de viviendasconuna magnifica ubicacion en el tradicional y exclusivo barrio de Triana. Situado a un paso del centro de Sevilla y con un magnifico acceso a la SE-30 y a cinco minutos a pie del centro comercial Torre Sevilla.', '78 Elgar Point', '-81.5439 -43.2849', 'Utrera', 'Almería', true, false, true, 'Obra_Nueva', 3);
insert into VIVIENDA (titulo, precio, metros_cuadrados, num_Banos, num_Habitaciones, propietario_id, avatar, cod_postal, descripcion, direccion, lat_lng, poblacion, provincia, tiene_ascensor, tiene_garaje, tiene_piscina, tipo, inmobiliaria_id) values ('Piso Frontend', 433368, 216, 2, 5, 40, 'avatar10', 77265, 'Dispone de los equipamientos suficientes proximo a varios colegios publicos escuela infantil parque municipal y comercios. En su entorno mas proximo se encuentran varias carreteras nacionales como la A-8058 A-8058 y la A-4.', '9956 Northwestern Circle', '12.3810 31.5878', 'Gines', 'Cádiz', true, true, false, 'Alquiler', 2);
insert into VIVIENDA (titulo, precio, metros_cuadrados, num_Banos, num_Habitaciones, propietario_id, avatar, cod_postal, descripcion, direccion, lat_lng, poblacion, provincia, tiene_ascensor, tiene_garaje, tiene_piscina, tipo, inmobiliaria_id) values ('Casa Backend', 366116, 121, 4, 1, 24, 'avatar11', 67908, 'Casa de tres plantas en calle Pureza en pleno corazon de Triana proximo al Puente de Triana y al Puente San Telmo por lo que esta a 10 minutos andando del casco historico de Sevilla. Junto a la iglesia de Santa Ana y a la Capilla de los Marineros.', '5 Holy Cross Place', '3.3030 -39.3471', 'Bollullos de la Mitación', 'Córdoba', false, false, true, 'Alquiler', 15);
insert into VIVIENDA (titulo, precio, metros_cuadrados, num_Banos, num_Habitaciones, propietario_id, avatar, cod_postal, descripcion, direccion, lat_lng, poblacion, provincia, tiene_ascensor, tiene_garaje, tiene_piscina, tipo, inmobiliaria_id) values ('Chalet A Pedra', 602167, 154, 2, 1, 25, 'avatar12', 61348, 'Castilla 120 es una promocion de viviendasconuna magnifica ubicacion en el tradicional y exclusivo barrio de Triana. Situado a un paso del centro de Sevilla y con un magnifico acceso a la SE-30 y a cinco minutos a pie del centro comercial Torre Sevilla.', '23125 Waubesa Avenue', '76.5700 148.4103', 'La Rinconada', 'Jaén', true, true, true, 'Venta', 4);
insert into VIVIENDA (titulo, precio, metros_cuadrados, num_Banos, num_Habitaciones, propietario_id, avatar, cod_postal, descripcion, direccion, lat_lng, poblacion, provincia, tiene_ascensor, tiene_garaje, tiene_piscina, tipo, inmobiliaria_id) values ('Villa Felisa', 938754, 131, 4, 3, 49, 'avatar13', 92372, 'Dispone de los equipamientos suficientes proximo a varios colegios publicos escuela infantil parque municipal y comercios. En su entorno mas proximo se encuentran varias carreteras nacionales como la A-8058 A-8058 y la A-4.', '2215 Delladonna Lane', '12.3810 31.5878', 'Bormujos', 'Cádiz', false, true, false, 'Obra_Nueva', 10);
insert into VIVIENDA (titulo, precio, metros_cuadrados, num_Banos, num_Habitaciones, propietario_id, avatar, cod_postal, descripcion, direccion, lat_lng, poblacion, provincia, tiene_ascensor, tiene_garaje, tiene_piscina, tipo, inmobiliaria_id) values ('Casa Mediterranea', 263648, 155, 2, 5, 45, 'avatar14', 57233, 'Casa de tres plantas en calle Pureza en pleno corazon de Triana proximo al Puente de Triana y al Puente San Telmo por lo que esta a 10 minutos andando del casco historico de Sevilla. Junto a la iglesia de Santa Ana y a la Capilla de los Marineros.', '5023 Briar Crest Crossing', '50.7048 42.9541', 'Mairena del Alcor', 'Sevilla', false, true, true, 'Obra_Nueva', 1);
insert into VIVIENDA (titulo, precio, metros_cuadrados, num_Banos, num_Habitaciones, propietario_id, avatar, cod_postal, descripcion, direccion, lat_lng, poblacion, provincia, tiene_ascensor, tiene_garaje, tiene_piscina, tipo, inmobiliaria_id) values ('Casa Noa', 148559, 219, 4, 3, 22, 'avatar15', 48519, 'Castilla 120 es una promocion de viviendasconuna magnifica ubicacion en el tradicional y exclusivo barrio de Triana. Situado a un paso del centro de Sevilla y con un magnifico acceso a la SE-30 y a cinco minutos a pie del centro comercial Torre Sevilla.', '92 Meadow Valley Crossing', '-81.5439 -43.2849', 'Bormujos', 'Málaga', true, true, false, 'Obra_Nueva', 18);
insert into VIVIENDA (titulo, precio, metros_cuadrados, num_Banos, num_Habitaciones, propietario_id, avatar, cod_postal, descripcion, direccion, lat_lng, poblacion, provincia, tiene_ascensor, tiene_garaje, tiene_piscina, tipo, inmobiliaria_id) values ('Venta de Abajo', 807262, 100, 5, 1, 16, 'avatar16', 15275, 'Dispone de los equipamientos suficientes proximo a varios colegios publicos escuela infantil parque municipal y comercios. En su entorno mas proximo se encuentran varias carreteras nacionales como la A-8058 A-8058 y la A-4.', '5 Moose Street', '50.4464 24.8643', 'Arahal', 'Granada', false, true, false, 'Obra_Nueva', 17);
insert into VIVIENDA (titulo, precio, metros_cuadrados, num_Banos, num_Habitaciones, propietario_id, avatar, cod_postal, descripcion, direccion, lat_lng, poblacion, provincia, tiene_ascensor, tiene_garaje, tiene_piscina, tipo, inmobiliaria_id) values ('Hacienda las Bridas', 160524, 168, 4, 1, 2, 'avatar17', 77738, 'Casa de tres plantas en calle Pureza en pleno corazon de Triana proximo al Puente de Triana y al Puente San Telmo por lo que esta a 10 minutos andando del casco historico de Sevilla. Junto a la iglesia de Santa Ana y a la Capilla de los Marineros.', '4271 Welch Crossing', '12.3810 31.5878', 'Alcalá del Río', 'Almería', false, false, true, 'Venta', 16);
insert into VIVIENDA (titulo, precio, metros_cuadrados, num_Banos, num_Habitaciones, propietario_id, avatar, cod_postal, descripcion, direccion, lat_lng, poblacion, provincia, tiene_ascensor, tiene_garaje, tiene_piscina, tipo, inmobiliaria_id) values ('Pisco Coristanco', 714536, 164, 5, 5, 10, 'avatar18', 68065, 'Castilla 120 es una promocion de viviendasconuna magnifica ubicacion en el tradicional y exclusivo barrio de Triana. Situado a un paso del centro de Sevilla y con un magnifico acceso a la SE-30 y a cinco minutos a pie del centro comercial Torre Sevilla.', '17 Kipling Pass', '86.5280 55.5595', 'Carmona', 'Granada', false, false, true, 'Alquiler', 5);
insert into VIVIENDA (titulo, precio, metros_cuadrados, num_Banos, num_Habitaciones, propietario_id, avatar, cod_postal, descripcion, direccion, lat_lng, poblacion, provincia, tiene_ascensor, tiene_garaje, tiene_piscina, tipo, inmobiliaria_id) values ('Piso Bella Vista', 817236, 218, 4, 4, 2, 'avatar19', 2147, 'Dispone de los equipamientos suficientes proximo a varios colegios publicos escuela infantil parque municipal y comercios. En su entorno mas proximo se encuentran varias carreteras nacionales como la A-8058 A-8058 y la A-4.', '7885 Pierstorff Way', '67.9254 111.1351', 'La Algaba', 'Cádiz', true, false, false, 'Obra_Nueva', 19);
insert into VIVIENDA (titulo, precio, metros_cuadrados, num_Banos, num_Habitaciones, propietario_id, avatar, cod_postal, descripcion, direccion, lat_lng, poblacion, provincia, tiene_ascensor, tiene_garaje, tiene_piscina, tipo, inmobiliaria_id) values ('Chalet Piquito', 150661, 171, 1, 6, 25, 'avatar20', 31376, 'Casa de tres plantas en calle Pureza en pleno corazon de Triana proximo al Puente de Triana y al Puente San Telmo por lo que esta a 10 minutos andando del casco historico de Sevilla. Junto a la iglesia de Santa Ana y a la Capilla de los Marineros.', '4475 Florence Plaza', '81.5227 6.2863', 'Marchena', 'Sevilla', true, false, true, 'Alquiler', 1);
insert into VIVIENDA (titulo, precio, metros_cuadrados, num_Banos, num_Habitaciones, propietario_id, avatar, cod_postal, descripcion, direccion, lat_lng, poblacion, provincia, tiene_ascensor, tiene_garaje, tiene_piscina, tipo, inmobiliaria_id) values ('Chalet la Carlina', 577476, 224, 1, 6, 2, 'avatar1', 39714, 'Castilla 120 es una promocion de viviendasconuna magnifica ubicacion en el tradicional y exclusivo barrio de Triana. Situado a un paso del centro de Sevilla y con un magnifico acceso a la SE-30 y a cinco minutos a pie del centro comercial Torre Sevilla.', '072 Lindbergh Avenue', '36.5438 72.2647', 'Bormujos', 'Sevilla', false, true, false, 'Venta', 15);
insert into VIVIENDA (titulo, precio, metros_cuadrados, num_Banos, num_Habitaciones, propietario_id, avatar, cod_postal, descripcion, direccion, lat_lng, poblacion, provincia, tiene_ascensor, tiene_garaje, tiene_piscina, tipo, inmobiliaria_id) values ('Piso los Menestrales', 771899, 219, 2, 5, 45, 'avatar2', 56620, 'Dispone de los equipamientos suficientes proximo a varios colegios publicos escuela infantil parque municipal y comercios. En su entorno mas proximo se encuentran varias carreteras nacionales como la A-8058 A-8058 y la A-4.', '3987 Corscot Hill', '1.3679 -119.5023', 'Sanlúcar la Mayor', 'Málaga', false, true, false, 'Obra_Nueva', 15);
insert into VIVIENDA (titulo, precio, metros_cuadrados, num_Banos, num_Habitaciones, propietario_id, avatar, cod_postal, descripcion, direccion, lat_lng, poblacion, provincia, tiene_ascensor, tiene_garaje, tiene_piscina, tipo, inmobiliaria_id) values ('Hacienda Molino Blanco', 686526, 135, 3, 2, 49, 'avatar3', 95183, 'Casa de tres plantas en calle Pureza en pleno corazon de Triana proximo al Puente de Triana y al Puente San Telmo por lo que esta a 10 minutos andando del casco historico de Sevilla. Junto a la iglesia de Santa Ana y a la Capilla de los Marineros.', '363 Sundown Point', '12.3810 31.5878', 'Las Cabezas de San Juan', 'Sevilla', true, false, false, 'Venta', 1);
insert into VIVIENDA (titulo, precio, metros_cuadrados, num_Banos, num_Habitaciones, propietario_id, avatar, cod_postal, descripcion, direccion, lat_lng, poblacion, provincia, tiene_ascensor, tiene_garaje, tiene_piscina, tipo, inmobiliaria_id) values ('Chalet la Teja', 41844, 195, 5, 1, 45, 'avatar4', 31914, 'Castilla 120 es una promocion de viviendasconuna magnifica ubicacion en el tradicional y exclusivo barrio de Triana. Situado a un paso del centro de Sevilla y con un magnifico acceso a la SE-30 y a cinco minutos a pie del centro comercial Torre Sevilla.', '112 Tennessee Crossing', '36.5438 72.2647', 'Dos Hermanas', 'Málaga', true, true, false, 'Obra_Nueva', 2);
insert into VIVIENDA (titulo, precio, metros_cuadrados, num_Banos, num_Habitaciones, propietario_id, avatar, cod_postal, descripcion, direccion, lat_lng, poblacion, provincia, tiene_ascensor, tiene_garaje, tiene_piscina, tipo, inmobiliaria_id) values ('Piso Worries', 607913, 149, 3, 1, 48, 'avatar5', 83800, 'Dispone de los equipamientos suficientes proximo a varios colegios publicos escuela infantil parque municipal y comercios. En su entorno mas proximo se encuentran varias carreteras nacionales como la A-8058 A-8058 y la A-4.', '0483 Nelson Lane', '50.4464 24.8643', 'Marchena', 'Huelva', true, true, false, 'Obra_Nueva', 8);
insert into VIVIENDA (titulo, precio, metros_cuadrados, num_Banos, num_Habitaciones, propietario_id, avatar, cod_postal, descripcion, direccion, lat_lng, poblacion, provincia, tiene_ascensor, tiene_garaje, tiene_piscina, tipo, inmobiliaria_id) values ('Casa Luismi', 888167, 227, 2, 4, 45, 'avatar6', 20560, 'Casa de tres plantas en calle Pureza en pleno corazon de Triana proximo al Puente de Triana y al Puente San Telmo por lo que esta a 10 minutos andando del casco historico de Sevilla. Junto a la iglesia de Santa Ana y a la Capilla de los Marineros.', '66 Morrow Lane', '67.9254 111.1351', 'Alcalá de Guadaíra', 'Huelva', false, false, false, 'Alquiler', 9);
insert into VIVIENDA (titulo, precio, metros_cuadrados, num_Banos, num_Habitaciones, propietario_id, avatar, cod_postal, descripcion, direccion, lat_lng, poblacion, provincia, tiene_ascensor, tiene_garaje, tiene_piscina, tipo, inmobiliaria_id) values ('Chalet de Miguel', 587116, 81, 5, 6, 21, 'avatar7', 47825, 'Castilla 120 es una promocion de viviendasconuna magnifica ubicacion en el tradicional y exclusivo barrio de Triana. Situado a un paso del centro de Sevilla y con un magnifico acceso a la SE-30 y a cinco minutos a pie del centro comercial Torre Sevilla.', '3 Morning Place', '36.5438 72.2647', 'San Juan de Aznalfarache', 'Jaén', true, true, false, 'Obra_Nueva', 11);
insert into VIVIENDA (titulo, precio, metros_cuadrados, num_Banos, num_Habitaciones, propietario_id, avatar, cod_postal, descripcion, direccion, lat_lng, poblacion, provincia, tiene_ascensor, tiene_garaje, tiene_piscina, tipo, inmobiliaria_id) values ('Casa Sevilla', 37279, 162, 1, 5, 46, 'avatar8', 21882, 'Dispone de los equipamientos suficientes proximo a varios colegios publicos escuela infantil parque municipal y comercios. En su entorno mas proximo se encuentran varias carreteras nacionales como la A-8058 A-8058 y la A-4.', '42450 Kipling Junction', '1.3679 -119.5023', 'Las Cabezas de San Juan', 'Córdoba', true, false, false, 'Alquiler', 13);
insert into VIVIENDA (titulo, precio, metros_cuadrados, num_Banos, num_Habitaciones, propietario_id, avatar, cod_postal, descripcion, direccion, lat_lng, poblacion, provincia, tiene_ascensor, tiene_garaje, tiene_piscina, tipo, inmobiliaria_id) values ('Chalet Flor de Azahar', 985683, 226, 2, 1, 31, 'avatar9', 25037, 'Casa de tres plantas en calle Pureza en pleno corazon de Triana proximo al Puente de Triana y al Puente San Telmo por lo que esta a 10 minutos andando del casco historico de Sevilla. Junto a la iglesia de Santa Ana y a la Capilla de los Marineros.', '39132 Bartillon Plaza', '44.4005 52.3816', 'Camas', 'Huelva', true, false, true, 'Alquiler', 14);
insert into VIVIENDA (titulo, precio, metros_cuadrados, num_Banos, num_Habitaciones, propietario_id, avatar, cod_postal, descripcion, direccion, lat_lng, poblacion, provincia, tiene_ascensor, tiene_garaje, tiene_piscina, tipo, inmobiliaria_id) values ('Casa Orbe', 130514, 135, 4, 6, 12, 'avatar10', 1404, 'Castilla 120 es una promocion de viviendasconuna magnifica ubicacion en el tradicional y exclusivo barrio de Triana. Situado a un paso del centro de Sevilla y con un magnifico acceso a la SE-30 y a cinco minutos a pie del centro comercial Torre Sevilla.', '69540 Orin Point', '86.5280 55.5595', 'La Algaba', 'Sevilla', false, true, false, 'Venta', 2);
insert into VIVIENDA (titulo, precio, metros_cuadrados, num_Banos, num_Habitaciones, propietario_id, avatar, cod_postal, descripcion, direccion, lat_lng, poblacion, provincia, tiene_ascensor, tiene_garaje, tiene_piscina, tipo, inmobiliaria_id) values ('Casa Blanca', 876007, 89, 1, 5, 10, 'avatar11', 98243, 'Dispone de los equipamientos suficientes proximo a varios colegios publicos escuela infantil parque municipal y comercios. En su entorno mas proximo se encuentran varias carreteras nacionales como la A-8058 A-8058 y la A-4.', '51348 Hollow Ridge Avenue', '-81.5439 -43.2849', 'Espartinas', 'Sevilla', true, false, true, 'Alquiler', 13);
insert into VIVIENDA (titulo, precio, metros_cuadrados, num_Banos, num_Habitaciones, propietario_id, avatar, cod_postal, descripcion, direccion, lat_lng, poblacion, provincia, tiene_ascensor, tiene_garaje, tiene_piscina, tipo, inmobiliaria_id) values ('Piso Alcazar', 673717, 105, 5, 1, 46, 'avatar12', 34370, 'Casa de tres plantas en calle Pureza en pleno corazon de Triana proximo al Puente de Triana y al Puente San Telmo por lo que esta a 10 minutos andando del casco historico de Sevilla. Junto a la iglesia de Santa Ana y a la Capilla de los Marineros.', '24 Brickson Park Pass', '-81.5439 -43.2849', 'Dos Hermanas', 'Málaga', false, false, false, 'Alquiler', 14);
insert into VIVIENDA (titulo, precio, metros_cuadrados, num_Banos, num_Habitaciones, propietario_id, avatar, cod_postal, descripcion, direccion, lat_lng, poblacion, provincia, tiene_ascensor, tiene_garaje, tiene_piscina, tipo, inmobiliaria_id) values ('Chalet Gran Rey', 569403, 170, 2, 4, 16, 'avatar13', 31388, 'Castilla 120 es una promocion de viviendasconuna magnifica ubicacion en el tradicional y exclusivo barrio de Triana. Situado a un paso del centro de Sevilla y con un magnifico acceso a la SE-30 y a cinco minutos a pie del centro comercial Torre Sevilla.', '216 Valley Edge Junction', '50.7048 42.9541', 'El Viso del Alcor', 'Granada', false, false, false, 'Venta', 14);
insert into VIVIENDA (titulo, precio, metros_cuadrados, num_Banos, num_Habitaciones, propietario_id, avatar, cod_postal, descripcion, direccion, lat_lng, poblacion, provincia, tiene_ascensor, tiene_garaje, tiene_piscina, tipo, inmobiliaria_id) values ('Casa Carballo', 149716, 127, 2, 5, 47, 'avatar14', 3881, 'Dispone de los equipamientos suficientes proximo a varios colegios publicos escuela infantil parque municipal y comercios. En su entorno mas proximo se encuentran varias carreteras nacionales como la A-8058 A-8058 y la A-4.', '548 Meadow Ridge Road', '67.9254 111.1351', 'Mairena del Aljarafe', 'Cádiz', false, true, false, 'Venta', 14);
insert into VIVIENDA (titulo, precio, metros_cuadrados, num_Banos, num_Habitaciones, propietario_id, avatar, cod_postal, descripcion, direccion, lat_lng, poblacion, provincia, tiene_ascensor, tiene_garaje, tiene_piscina, tipo, inmobiliaria_id) values ('Piso Siri', 593598, 232, 1, 2, 23, 'avatar15', 99157, 'Casa de tres plantas en calle Pureza en pleno corazon de Triana proximo al Puente de Triana y al Puente San Telmo por lo que esta a 10 minutos andando del casco historico de Sevilla. Junto a la iglesia de Santa Ana y a la Capilla de los Marineros.', '29833 Lukken Road', '86.5280 55.5595', 'Los Palacios y Villafranca', 'Sevilla', true, false, false, 'Alquiler', 14);
insert into VIVIENDA (titulo, precio, metros_cuadrados, num_Banos, num_Habitaciones, propietario_id, avatar, cod_postal, descripcion, direccion, lat_lng, poblacion, provincia, tiene_ascensor, tiene_garaje, tiene_piscina, tipo, inmobiliaria_id) values ('Piso Billiards', 974256, 167, 3, 4, 2, 'avatar16', 39531, 'Castilla 120 es una promocion de viviendasconuna magnifica ubicacion en el tradicional y exclusivo barrio de Triana. Situado a un paso del centro de Sevilla y con un magnifico acceso a la SE-30 y a cinco minutos a pie del centro comercial Torre Sevilla.', '280 Elka Pass', '-31.0867 133.1929', 'Gines', 'Almería', true, true, false, 'Alquiler', 20);
insert into VIVIENDA (titulo, precio, metros_cuadrados, num_Banos, num_Habitaciones, propietario_id, avatar, cod_postal, descripcion, direccion, lat_lng, poblacion, provincia, tiene_ascensor, tiene_garaje, tiene_piscina, tipo, inmobiliaria_id) values ('Casa Shiba', 473376, 156, 4, 5, 10, 'avatar17', 99796, 'Dispone de los equipamientos suficientes proximo a varios colegios publicos escuela infantil parque municipal y comercios. En su entorno mas proximo se encuentran varias carreteras nacionales como la A-8058 A-8058 y la A-4.', '71 New Castle Street', '44.4005 52.3816', 'Pilas', 'Sevilla', true, false, true, 'Obra_Nueva', 7);
insert into VIVIENDA (titulo, precio, metros_cuadrados, num_Banos, num_Habitaciones, propietario_id, avatar, cod_postal, descripcion, direccion, lat_lng, poblacion, provincia, tiene_ascensor, tiene_garaje, tiene_piscina, tipo, inmobiliaria_id) values ('Casa de Galaxi', 383406, 190, 4, 6, 45, 'avatar18', 2687, 'Casa de tres plantas en calle Pureza en pleno corazon de Triana proximo al Puente de Triana y al Puente San Telmo por lo que esta a 10 minutos andando del casco historico de Sevilla. Junto a la iglesia de Santa Ana y a la Capilla de los Marineros.', '70 Hooker Trail', '67.9254 111.1351', 'Castilleja de la Cuesta', 'Córdoba', true, false, true, 'Alquiler', 3);
insert into VIVIENDA (titulo, precio, metros_cuadrados, num_Banos, num_Habitaciones, propietario_id, avatar, cod_postal, descripcion, direccion, lat_lng, poblacion, provincia, tiene_ascensor, tiene_garaje, tiene_piscina, tipo, inmobiliaria_id) values ('Chalet Flamenco Dorado', 537917, 181, 5, 4, 31, 'avatar19', 13125, 'Castilla 120 es una promocion de viviendasconuna magnifica ubicacion en el tradicional y exclusivo barrio de Triana. Situado a un paso del centro de Sevilla y con un magnifico acceso a la SE-30 y a cinco minutos a pie del centro comercial Torre Sevilla.', '4 Northview Way', '-81.5439 -43.2849', 'Las Cabezas de San Juan', 'Almería', false, false, false, 'Alquiler', 18);


insert into INTERESA (interesado_id,vivienda_id,mensaje) values (1,1,'Bonita Casa');
